{
  "accountAssociation": {
    "header": "eyJmaWQiOjAsInR5cGUiOiJjdXN0b2R5Iiwia2V5IjoiMHgwMDAwMDAwMDAwMDAwMDAwMDAwMDAwMDAwMDAwMDAwMDAwMDAwMDAwIn0",
    "payload": "eyJkb21haW4iOiJub2VsYS1mcmFtZS52ZXJjZWwuYXBwIn0",
    "signature": "MHg..."
  },
  "frame": {
    "version": "1",
    "name": "Noela Frame",
    "iconUrl": "https://YOUR-APP.vercel.app/icon.svg",
    "homeUrl": "https://YOUR-APP.vercel.app",
    "imageUrl": "https://YOUR-APP.vercel.app/og-image.png",
    "splashImageUrl": "https://YOUR-APP.vercel.app/splash.png",
    "splashBackgroundColor": "#3b82f6",
    "webhookUrl": "https://YOUR-APP.vercel.app/api/webhook"
  }
}
